,V1,V2,V3,V4,V5,V6,V7,V8,V9,V10,V11,V12,V13,V14,V15,V16,V17,V18,V19,V20,V21,V22,V23,V24,V25,V26,V27,V28,V29,V30,V31,V32,V33,V34,V35,V36,V37,V38,V39,V40,V41,V42,V43,V44,V45,V46,V47,V48,V49,V50,V51,V52,V53,V54,V55,V56,V57,V58,V59,V60,V61,V62,V63,V64,V65,V66,V67,V68,V69,V70,V71,V72,V73,V74,V75,V76,V77,V78,V79,V80,V81,V82,V83,V84,V85,V86,V87,V88,V89,V90,V91,V92,V93,V94,V95,V96,V97,V98,V99,V100
1,243,243,243,243,262,272,326,218,260,250,273,321,260,286,282,231,322,272,235,320,270,286,259,262,301,268,265,293,271,302,290,243,328,267,263,297,272,332,292,263,299,270,266,296,275,336,301,272,302,274,273,302,273,302,303,271,302,273,271,301,272,302,302,272,303,274,272,300,273,301,303,273,302,313,313,302,271,303,303,310,300,272,272,302,271,302,273,311,300,272,301,272,271,301,272,342,273,272,303,273
2,279,279,285,291,284,289,289,284,296,296,283,283,296,290,296,296,296,290,296,295,296,296,296,295,295,296,295,296,296,297,295,296,296,294,294,298,294,296,294,296,298,296,294,298,296,298,300,301,299,300,299,297,300,301,300,301,299,298,300,301,304,301,300,301,301,300,301,301,301,301,300,301,301,300,300,301,304,304,301,305,305,301,301,306,306,305,306,306,305,305,305,305,305,306,306,306,306,306,305,306
3,235,235,226,215,246,240,239,249,256,245,245,252,245,253,245,249,249,252,260,249,256,262,258,258,262,269,261,278,262,262,277,262,289,278,265,278,262,264,263,262,263,263,262,262,263,264,263,262,264,262,262,292,269,271,263,261,266,263,289,264,263,292,267,265,299,270,297,271,272,261,285,300,273,272,297,273,274,273,274,302,272,275,272,274,278,272,278,300,271,277,291,275,303,259,301,263,277,305,261,276
4,257,257,255,203,284,279,273,272,279,272,271,272,275,278,274,273,280,284,280,280,280,280,280,281,281,285,284,282,281,281,281,280,283,284,283,288,288,280,284,284,288,288,284,288,288,284,301,284,288,301,284,291,288,284,296,284,295,296,284,291,288,284,296,284,295,296,284,291,288,289,296,288,295,296,288,295,289,289,296,290,296,297,289,296,290,289,289,289,289,290,289,289,291,267,290,290,289,290,290,290
5,264,264,232,265,201,247,265,252,259,259,263,261,265,262,259,252,277,283,255,280,263,278,278,262,296,282,279,292,277,288,281,268,300,288,287,299,272,292,290,273,300,279,289,290,273,302,277,284,293,277,292,293,287,295,277,287,296,287,302,296,286,305,277,287,292,287,305,298,288,297,282,291,295,293,308,299,289,297,282,293,299,293,308,300,295,299,285,294,298,295,310,299,294,299,282,292,300,295,311,301
6,212,213,188,246,224,214,238,264,248,260,258,230,251,262,245,263,260,253,265,251,284,274,255,277,244,306,279,243,288,221,307,278,253,283,255,256,257,269,253,254,268,256,270,272,257,270,261,303,270,257,306,260,308,303,277,273,273,277,275,296,281,274,281,262,295,280,303,272,261,265,276,263,259,258,297,263,264,252,259,318,274,265,306,265,266,284,268,319,273,265,307,264,266,273,253,307,273,255,307,254
7,247,247,247,243,236,259,257,256,271,270,272,223,269,279,276,339,284,282,284,231,281,288,286,343,289,282,284,225,281,288,282,343,289,282,288,227,288,288,282,343,289,286,291,235,348,293,289,343,236,291,293,237,346,294,292,349,236,291,294,237,349,296,291,349,237,292,296,237,349,296,292,294,239,294,296,294,300,296,292,296,294,352,300,296,296,238,298,296,296,352,296,298,296,242,352,238,294,352,242,352
8,236,236,249,266,219,229,212,290,237,269,266,230,275,265,272,274,296,304,268,295,281,276,307,291,261,315,243,308,286,279,321,278,313,313,278,307,291,295,322,289,320,313,286,317,283,306,319,287,320,309,294,316,288,308,307,293,313,313,294,308,288,311,325,286,315,309,294,310,289,312,317,285,332,295,305,308,291,300,294,290,308,289,304,308,285,306,286,276,307,289,304,307,288,306,285,285,307,288,306,300
9,254,254,241,233,272,274,267,251,284,278,280,280,278,276,282,280,284,284,280,221,225,276,221,284,284,284,284,225,225,280,343,225,280,343,284,280,284,284,347,284,284,347,284,290,347,284,347,284,284,347,290,349,347,284,349,288,286,347,290,290,288,284,349,288,290,347,290,349,347,283,348,281,289,346,289,348,346,284,348,284,290,348,291,349,346,291,349,284,285,348,283,348,341,282,347,283,288,347,282,347
10,254,254,285,253,283,272,284,298,271,277,291,277,294,304,286,299,292,297,303,299,297,307,296,297,298,283,295,290,288,302,309,301,282,299,290,305,301,292,305,286,309,301,293,301,285,310,305,313,310,306,309,308,305,309,306,317,310,306,309,302,297,301,307,318,303,311,309,306,312,304,320,301,308,305,305,309,306,303,306,301,307,305,303,314,302,307,305,296,312,302,310,319,295,311,306,296,295,320,297,308
11,260,260,279,254,284,279,274,284,274,279,284,280,292,263,287,292,292,292,292,306,295,265,292,302,296,298,270,298,270,271,298,309,299,299,299,298,295,301,298,298,298,308,324,305,309,299,306,325,308,307,308,333,318,312,333,281,319,319,312,309,309,312,341,284,343,311,308,336,311,343,336,290,343,312,308,335,284,319,308,318,318,284,318,311,285,319,285,312,320,285,319,282,311,320,284,319,317,312,320,282
12,237,246,252,214,248,257,226,248,225,240,286,221,273,264,236,280,242,254,278,236,309,275,254,315,275,249,292,293,288,289,292,287,298,298,292,282,297,291,300,290,294,300,294,271,294,310,279,289,271,319,292,295,295,305,313,295,295,314,304,289,295,304,319,310,271,295,270,287,296,303,319,304,280,320,303,318,304,257,321,305,263,311,305,321,306,264,336,279,297,311,265,312,279,264,336,264,297,305,265,336
13,237,228,252,267,267,269,261,267,269,273,274,274,278,274,276,309,272,240,273,288,289,271,290,273,268,270,269,273,274,271,267,272,272,275,286,289,273,287,270,272,290,278,296,297,294,295,299,295,295,296,298,296,294,292,299,295,296,295,298,298,294,283,283,294,277,296,296,282,299,284,297,296,298,293,295,296,298,298,296,296,298,298,298,298,298,298,299,298,297,298,298,297,297,297,296,296,298,297,297,295
14,246,246,268,257,256,249,257,266,257,247,269,260,265,260,261,261,287,301,282,252,265,299,315,291,303,282,273,281,276,278,290,280,286,275,279,292,278,291,292,276,283,288,292,292,285,287,294,290,291,289,292,292,290,308,298,298,291,299,304,300,305,300,301,312,310,301,311,301,307,302,297,310,298,305,302,297,301,297,307,300,297,312,299,311,299,298,310,298,310,299,298,310,298,310,298,304,311,297,304,311
15,234,234,262,217,248,250,237,256,257,252,258,252,262,255,257,260,258,261,259,243,245,256,257,263,255,244,256,250,248,258,268,239,259,256,269,256,259,268,253,269,266,253,271,256,253,273,258,268,273,273,270,277,290,270,282,268,267,282,270,279,296,273,282,273,272,295,273,260,296,251,259,271,248,281,271,258,282,270,259,271,249,259,272,259,282,271,259,271,270,281,272,280,282,272,259,272,271,281,272,280
16,266,266,273,255,272,267,285,285,281,284,281,286,282,246,284,284,258,285,247,252,326,288,288,330,258,326,329,290,326,257,289,329,257,256,326,255,329,257,257,329,256,304,282,281,320,283,280,321,260,282,264,257,279,266,280,288,269,282,269,260,287,269,265,323,269,283,289,262,324,269,284,288,270,288,270,266,326,266,285,290,270,325,290,302,325,270,327,293,268,328,271,301,328,270,329,291,266,327,270,285
17,251,251,251,264,276,260,259,265,259,250,266,252,256,252,252,258,252,256,264,253,264,254,257,271,259,266,271,259,271,263,262,276,263,263,279,268,277,263,266,279,266,277,277,266,275,261,264,277,263,279,277,264,279,263,267,277,267,279,243,263,279,265,301,275,267,279,245,263,280,268,299,283,269,279,247,269,280,268,302,282,268,281,247,269,284,269,302,279,269,281,252,272,280,272,304,283,272,284,252,272
18,127,302,317,172,317,211,247,324,250,315,325,151,241,243,252,275,283,292,249,301,233,240,301,228,306,296,254,295,280,254,305,284,290,296,254,274,296,271,293,320,270,316,276,274,299,272,297,281,280,280,280,280,279,282,294,273,283,277,280,285,294,284,294,278,284,297,283,300,303,284,298,280,284,306,283,298,282,298,295,280,298,305,283,297,282,298,295,280,298,305,283,298,282,298,302,282,322,282,298,320
19,259,259,276,265,280,258,274,287,230,232,274,231,287,225,231,286,246,296,302,253,298,313,315,281,264,314,312,266,313,264,263,314,264,310,307,264,310,260,269,314,264,314,312,267,314,264,269,314,264,314,313,266,314,265,269,311,272,320,313,272,315,264,275,311,266,314,322,274,317,315,317,313,267,317,315,268,317,267,270,314,267,317,316,268,317,315,317,320,273,317,321,274,323,320,323,309,273,317,321,321
20,230,230,270,228,181,232,250,252,273,273,261,273,255,267,276,255,251,260,254,256,259,243,254,274,270,283,270,269,255,276,269,268,278,268,269,281,258,269,263,250,281,256,262,268,274,264,271,281,268,290,285,283,280,271,294,293,284,292,281,283,279,272,296,296,271,294,282,269,293,259,282,295,271,293,284,272,294,260,284,296,272,294,284,271,293,260,283,296,272,294,285,272,294,264,284,296,275,294,284,272
21,260,260,278,265,268,284,259,287,293,293,291,303,293,282,293,284,284,293,284,303,303,283,302,292,284,293,299,300,300,280,288,304,291,305,305,300,302,295,297,300,283,298,296,296,295,299,302,301,304,305,301,303,306,303,305,307,306,306,303,306,303,301,305,291,301,303,298,301,288,304,287,290,303,292,305,296,290,306,287,289,301,303,303,302,304,304,305,303,302,306,305,304,301,305,305,301,304,304,306,305
22,256,256,256,266,268,279,270,267,268,261,281,276,265,281,263,285,284,268,282,290,289,290,264,275,300,285,302,294,295,293,295,299,301,285,285,302,285,301,282,285,302,301,305,281,285,301,301,300,281,286,302,285,304,278,301,299,284,313,302,299,314,284,297,299,298,325,304,331,329,304,328,304,301,330,303,328,313,320,318,306,320,299,321,301,310,299,310,301,318,309,301,321,304,308,305,301,322,306,317,322
23,256,256,262,248,248,263,277,268,284,291,278,254,274,276,273,287,275,292,283,273,282,295,287,293,299,302,294,283,288,295,277,285,297,293,284,299,296,299,282,289,300,295,286,304,293,301,301,293,302,296,286,303,302,301,300,299,300,300,297,305,299,293,296,302,281,305,300,305,306,300,305,303,304,306,300,306,306,302,297,303,303,304,303,304,308,302,298,303,303,304,304,306,308,305,306,301,305,308,305,308
24,224,218,240,254,254,260,233,254,259,254,254,254,255,256,272,275,271,273,250,286,271,294,283,276,292,268,276,283,273,303,291,283,302,267,278,301,277,302,286,278,302,266,283,293,266,302,285,278,301,266,283,290,265,301,276,281,282,271,286,282,285,281,266,289,284,272,288,274,278,286,266,288,284,280,285,289,284,291,284,281,270,278,287,295,278,292,284,289,297,281,294,288,285,293,291,297,287,283,293,286
25,254,254,266,281,272,279,279,272,270,270,260,287,279,291,286,273,307,286,289,286,285,295,292,269,286,268,295,291,288,306,291,289,286,274,295,291,274,292,274,312,292,273,312,274,294,312,274,312,292,274,312,274,274,292,274,312,291,274,312,274,273,291,280,318,291,274,318,297,280,297,280,301,297,280,320,299,300,309,282,293,297,280,318,297,274,299,282,295,299,280,320,299,301,299,301,293,299,301,300,300
26,234,234,255,257,257,243,255,265,247,257,280,280,271,279,277,279,279,261,271,271,285,285,285,271,263,256,263,271,273,272,272,272,271,272,264,269,264,272,272,264,272,273,272,271,265,272,273,272,270,273,274,271,265,272,275,272,270,265,266,271,273,270,273,272,270,272,274,271,273,272,271,273,270,271,271,270,271,269,291,272,269,270,271,292,287,271,287,272,270,271,272,273,274,272,272,272,272,273,272,273
27,256,256,253,265,225,255,216,254,268,263,255,263,255,274,273,269,262,264,271,271,259,259,256,267,267,262,269,269,273,272,226,262,271,264,265,273,254,276,269,273,276,269,276,275,267,275,272,273,274,274,274,274,277,276,274,271,275,278,281,279,281,276,279,282,278,280,276,278,278,276,277,279,276,278,278,281,282,277,278,279,278,279,278,277,281,279,278,278,279,278,278,278,279,280,279,278,281,281,280,281
28,224,224,212,231,249,274,284,274,283,274,271,283,277,287,273,285,270,272,273,277,267,272,280,276,267,275,253,285,296,301,298,277,283,291,276,313,305,280,301,286,287,313,283,300,290,286,289,283,279,290,286,279,291,290,291,287,290,318,305,292,299,291,311,306,291,299,306,299,298,297,299,291,298,299,292,305,298,299,300,307,314,299,302,296,296,305,295,297,290,296,305,296,303,305,296,297,289,297,304,299
29,253,253,253,241,246,252,246,254,297,247,190,283,254,263,244,212,236,226,271,241,213,298,267,229,244,241,260,259,241,254,231,235,254,242,262,259,239,307,241,252,259,243,263,240,257,263,242,262,241,247,306,243,258,258,259,247,264,243,264,242,287,263,248,305,244,243,262,246,266,265,245,310,263,267,264,251,268,264,246,311,252,269,267,251,266,252,253,310,269,249,270,250,266,252,266,252,252,268,251,269
30,221,221,221,211,165,220,220,232,227,226,220,226,178,224,232,242,226,225,232,225,240,226,234,242,231,230,234,227,258,231,243,249,225,184,234,236,198,230,230,236,234,243,241,239,221,233,245,258,232,241,236,244,245,239,201,224,249,252,276,296,262,295,273,259,292,259,285,295,262,294,266,262,295,280,303,295,262,295,271,262,294,263,285,294,261,294,272,262,292,279,285,277,279,274,272,262,296,281,300,275
31,254,254,282,254,289,267,262,262,254,294,294,270,285,289,294,294,285,294,294,294,294,289,294,294,294,294,295,295,294,294,289,294,294,295,295,292,294,296,296,300,300,296,300,300,296,296,300,300,300,296,296,301,296,295,296,294,301,292,290,300,296,296,300,298,300,300,300,300,300,300,300,296,300,300,300,300,300,300,300,296,301,301,300,300,301,300,300,297,301,301,301,301,297,301,301,297,302,302,301,301
32,251,251,244,248,244,286,258,255,288,284,255,282,283,285,285,277,278,288,291,295,294,291,294,288,290,290,294,290,292,288,284,296,288,292,288,295,295,288,287,299,288,296,293,296,300,289,287,299,301,301,299,299,303,300,298,306,306,302,306,301,303,301,306,307,305,304,303,299,304,304,306,306,307,305,306,305,302,303,305,305,307,304,306,304,301,306,304,305,308,304,310,311,304,305,308,305,312,304,309,311
33,253,253,252,241,252,260,267,260,274,252,259,273,260,271,266,259,281,259,259,288,266,262,273,279,271,267,276,278,264,272,281,272,281,276,280,279,267,281,279,282,282,269,275,282,283,282,281,285,281,281,274,282,275,274,282,282,290,281,281,282,281,282,282,281,282,282,282,282,282,284,284,283,300,284,284,284,283,284,284,283,284,284,286,284,283,284,284,284,286,286,287,285,286,285,285,286,302,285,286,287
34,235,237,222,230,344,283,254,307,214,263,275,261,313,228,319,281,229,320,282,321,320,274,319,282,282,323,279,319,322,280,322,284,233,322,283,322,322,283,321,283,324,322,284,310,310,273,312,310,272,323,270,324,271,272,324,272,325,324,272,324,272,273,324,273,325,323,271,325,272,271,325,313,276,313,272,314,276,276,324,275,276,324,277,327,276,278,325,277,276,325,278,317,287,318,325,279,276,286,279,286
35,242,242,251,256,247,275,257,272,269,261,282,287,268,247,263,267,280,273,283,263,277,287,298,284,284,262,299,287,284,285,284,283,281,284,288,284,280,290,280,280,293,281,290,291,282,291,283,283,290,283,290,276,305,293,286,308,296,291,290,293,275,311,291,295,295,275,295,294,299,315,295,298,292,278,298,294,300,290,287,294,293,317,311,288,290,314,297,313,290,313,310,274,313,282,304,313,281,295,275,301
36,259,259,266,271,270,258,258,249,264,271,273,271,271,277,271,271,277,277,277,277,282,277,282,281,270,282,278,278,281,276,278,278,283,283,280,280,283,283,283,283,283,285,288,283,285,285,283,285,285,285,285,283,291,291,285,287,287,282,287,287,291,291,283,284,286,287,287,287,286,286,287,286,286,291,290,290,290,290,287,290,290,290,290,286,286,290,287,290,294,291,291,287,291,293,296,296,292,292,297,287
37,262,262,292,292,291,265,273,283,292,280,292,290,292,292,290,292,291,291,292,293,291,291,293,294,291,294,298,293,294,292,294,294,292,294,292,292,294,292,298,300,294,294,300,298,295,300,303,293,301,303,297,301,302,299,300,298,299,303,298,299,302,299,299,302,303,303,302,303,301,301,302,301,302,303,301,302,301,301,302,301,303,302,301,302,301,301,303,303,303,290,289,302,290,302,303,290,303,303,303,304
38,243,243,268,239,253,244,250,257,281,261,280,242,263,272,230,217,266,267,235,271,263,271,268,252,280,254,270,271,255,270,270,255,277,254,277,272,261,280,259,261,279,257,275,278,267,285,262,285,276,272,282,278,300,249,279,286,243,286,279,281,302,257,282,268,245,288,260,281,300,258,281,260,281,288,265,279,303,296,284,303,284,294,263,284,263,283,252,257,285,264,296,284,283,297,250,296,283,263,296,250
39,229,242,214,285,259,256,268,253,284,276,281,296,281,287,280,270,289,281,290,293,282,267,300,302,293,293,307,286,304,261,284,300,269,306,260,266,313,268,314,313,295,312,286,306,314,294,312,310,304,282,305,310,310,304,310,310,304,304,304,302,306,305,303,323,303,304,304,306,314,306,306,327,305,312,304,276,311,306,305,312,305,312,306,307,312,279,314,305,305,313,280,314,305,306,314,307,314,306,279,331
40,258,258,268,259,268,274,258,274,267,266,274,266,274,274,271,281,274,277,281,266,281,281,274,281,271,284,282,271,283,273,274,285,271,284,286,271,284,276,274,285,276,284,288,273,288,280,280,295,280,292,294,278,294,279,277,294,279,292,294,280,295,279,277,280,279,279,281,280,279,279,276,281,281,279,297,296,280,293,280,281,296,280,297,297,281,295,280,281,296,277,294,297,280,296,283,280,295,279,297,298
41,236,236,263,285,289,281,274,299,272,272,291,292,293,265,287,302,276,298,272,269,298,279,283,290,269,291,278,265,301,276,291,293,278,293,278,296,307,302,310,307,288,312,293,313,322,294,310,303,297,315,297,315,311,297,311,294,297,315,297,315,325,296,314,310,299,315,296,314,324,295,314,293,297,313,297,314,312,309,314,310,309,312,309,312,308,296,315,310,310,298,294,312,294,310,316,309,315,315,296,317
42,249,249,264,267,265,264,240,234,255,273,259,265,273,274,269,201,261,269,264,311,265,328,265,255,269,277,213,269,273,278,317,209,321,325,213,323,215,277,325,213,274,217,220,323,215,279,327,220,281,219,218,325,217,303,329,242,303,243,244,298,239,301,296,239,298,243,244,302,243,301,302,240,298,244,242,302,243,304,303,238,300,245,244,303,245,304,304,240,300,304,299,303,244,304,304,245,293,245,240,304
43,274,274,290,274,282,278,273,284,281,274,291,272,278,290,280,291,294,280,304,278,293,304,286,317,300,292,300,313,317,296,313,295,285,314,296,309,314,288,316,314,296,312,298,287,314,295,312,301,295,315,303,308,315,295,314,299,298,318,305,309,306,298,316,308,313,320,302,315,307,302,319,306,318,316,301,317,307,317,319,308,318,309,305,316,317,300,318,307,311,315,300,316,312,300,312,303,315,314,305,316
44,257,257,281,268,263,257,254,257,263,262,257,257,262,269,268,267,265,265,273,260,274,273,272,280,261,270,280,274,274,268,266,272,264,277,278,272,280,266,270,280,265,276,284,271,284,279,278,284,284,284,285,279,285,285,284,285,285,278,279,278,279,284,278,279,285,278,279,284,285,284,284,287,285,284,285,284,285,285,285,285,286,286,286,284,286,286,285,286,286,285,285,285,285,285,285,284,287,287,284,287
45,238,204,212,238,236,238,244,229,268,228,281,250,255,280,257,283,267,260,264,255,307,269,277,264,272,262,234,237,225,244,254,224,253,258,247,260,251,253,251,247,234,232,228,241,235,243,232,225,233,220,238,250,246,253,240,265,277,246,260,233,248,281,266,266,254,275,261,255,261,255,259,261,256,267,262,255,268,256,262,261,255,267,260,262,267,257,261,268,255,267,261,262,231,256,226,287,255,257,260,225
46,254,254,254,239,251,256,236,244,219,244,255,265,270,208,250,230,291,264,230,264,247,285,264,230,273,280,292,289,288,330,326,255,323,250,253,323,256,293,285,253,293,250,266,287,265,324,293,270,297,268,271,298,265,299,296,271,298,267,302,298,256,286,273,258,300,273,284,270,258,287,273,286,260,273,286,274,285,274,273,286,273,300,287,274,300,273,300,285,273,300,273,300,300,273,300,258,300,300,273,300
47,197,197,220,234,228,241,228,235,279,272,294,283,234,265,259,269,271,250,261,263,250,277,245,287,264,290,304,298,297,299,303,298,271,297,303,304,295,258,309,293,268,296,306,298,295,266,288,297,282,297,277,255,304,296,297,305,267,297,303,304,297,282,297,278,267,297,270,295,312,281,296,271,276,312,263,296,305,262,325,271,277,305,267,311,312,275,313,311,297,313,265,313,308,265,313,298,314,305,265,314
48,226,226,227,232,229,205,203,233,225,229,228,245,227,242,245,244,236,249,257,255,256,254,231,258,238,203,289,258,258,274,211,260,261,226,274,262,261,278,226,263,258,223,277,259,264,277,226,263,259,225,284,263,266,284,230,266,266,227,282,267,264,282,232,266,269,231,303,267,266,303,233,251,268,217,303,270,250,302,217,248,266,217,284,283,216,321,216,269,267,216,302,287,268,321,234,287,267,234,320,267
49,227,182,242,253,207,257,242,235,247,254,222,259,289,221,254,288,254,299,257,295,281,240,305,259,298,294,249,336,258,297,297,256,339,258,304,300,267,339,258,310,307,261,309,301,334,316,305,320,304,286,299,290,343,291,324,337,291,306,291,330,344,291,306,291,276,307,275,305,291,275,306,289,272,305,289,306,332,333,332,333,333,306,333,332,306,333,306,333,332,327,327,306,333,332,333,333,306,334,333,332
50,243,243,267,255,251,285,248,292,253,292,282,260,283,282,274,279,270,276,286,286,289,277,270,271,287,279,292,277,294,298,277,307,305,297,296,298,317,300,313,297,292,313,297,303,302,298,300,297,300,305,299,303,292,293,302,299,299,293,312,303,302,301,292,315,313,304,315,301,312,302,301,324,313,302,313,302,311,313,302,320,312,304,313,301,311,311,301,320,312,301,311,303,312,311,304,323,312,313,321,301
51,240,240,233,203,284,253,285,254,254,284,247,291,291,241,285,291,284,292,239,292,291,301,291,291,282,293,284,291,294,294,284,293,289,291,296,292,291,298,290,293,288,294,288,293,291,288,289,292,292,295,292,293,291,291,292,293,293,293,293,294,291,294,294,291,293,293,293,294,291,293,294,294,294,303,294,294,303,294,303,303,293,303,294,294,303,294,303,302,293,303,294,293,303,294,303,302,293,302,293,293
52,247,247,265,263,253,271,265,265,283,265,274,259,280,288,271,288,274,265,278,269,283,268,277,293,292,292,283,284,281,290,292,289,292,292,282,285,283,289,291,282,283,291,282,292,284,290,265,282,290,291,283,284,291,293,291,292,291,283,284,284,292,285,293,292,292,292,294,293,292,292,293,292,292,313,292,293,292,292,293,292,314,292,292,293,292,293,293,292,293,292,292,293,293,292,293,292,293,292,292,293
53,221,221,135,203,233,248,227,273,252,263,259,220,265,264,242,248,268,299,249,238,314,241,274,286,263,283,279,234,269,245,252,272,245,288,298,271,291,263,308,298,289,308,262,317,304,231,307,281,282,306,282,307,306,247,305,284,284,289,281,308,288,238,306,271,272,307,240,308,292,240,308,273,286,304,273,285,295,249,323,314,283,292,241,309,263,249,308,239,284,296,234,309,287,286,303,243,303,304,286,304
54,213,192,187,267,264,277,266,280,275,286,281,280,275,277,275,282,286,280,293,276,292,293,283,292,294,284,307,277,285,283,275,273,275,285,278,282,290,285,274,305,281,288,297,258,293,264,288,292,265,301,266,280,266,276,286,262,285,276,283,271,269,278,273,256,274,276,270,276,283,273,288,276,282,291,301,300,284,262,282,262,291,258,282,255,288,278,279,292,266,282,274,280,298,262,284,298,273,297,280,275
55,167,156,177,167,229,177,297,297,183,312,167,190,323,193,320,323,201,323,193,267,242,202,269,234,271,296,218,278,236,210,275,220,279,312,220,279,243,220,304,251,286,243,227,288,243,285,312,230,280,253,228,288,224,287,288,229,288,254,229,313,257,288,313,229,288,232,228,288,233,289,313,229,290,231,228,312,231,288,256,287,281,231,287,229,232,290,256,290,281,231,290,231,232,282,256,291,282,231,316,257
56,230,230,276,263,220,242,277,263,263,267,281,276,278,291,284,281,280,294,298,296,298,299,296,295,298,293,295,285,300,299,296,300,307,291,291,299,292,295,295,298,300,291,291,306,294,313,298,291,299,295,295,299,298,317,294,300,297,294,294,296,297,323,297,301,305,293,303,306,298,298,286,301,296,297,296,292,296,313,286,299,294,296,295,291,295,293,286,299,294,298,295,291,301,297,289,302,269,274,299,265
57,256,256,259,256,261,257,257,261,267,247,220,253,253,224,277,260,248,272,256,303,274,275,274,279,275,263,276,280,279,280,277,271,283,278,280,281,278,286,294,280,296,269,283,296,288,290,294,282,294,269,280,297,290,286,296,284,286,271,279,285,293,283,293,286,285,289,288,288,293,284,298,286,285,285,292,294,293,293,304,290,295,298,296,295,296,299,309,288,299,296,296,299,299,297,299,288,299,296,296,297
58,227,192,204,258,224,253,263,255,269,260,250,283,307,267,271,298,229,266,272,246,311,224,329,314,242,329,231,284,315,246,332,245,245,333,246,333,274,245,321,236,293,325,248,331,283,249,333,250,299,331,251,336,246,249,335,249,337,332,251,338,286,250,336,241,336,325,240,328,236,237,323,238,337,323,248,326,247,285,323,248,327,287,248,326,239,276,323,239,326,288,239,326,239,286,328,239,326,288,248,337
59,240,240,260,232,249,285,241,261,238,263,276,248,272,229,268,271,269,267,228,280,280,236,278,241,284,289,245,273,279,284,289,289,292,291,286,286,287,286,290,287,285,290,288,291,291,293,294,295,269,294,272,294,297,269,293,293,291,294,222,272,293,220,294,293,270,295,226,272,294,221,293,293,272,295,222,272,294,222,296,295,272,295,226,273,295,251,296,245,228,296,251,295,296,229,296,290,295,296,295,295
60,248,248,240,278,264,274,241,299,277,261,321,223,254,288,271,295,278,315,295,301,317,264,308,318,284,339,289,327,335,264,324,328,285,317,303,292,300,284,317,303,315,312,303,315,305,308,318,304,316,304,313,318,304,318,318,304,318,304,304,318,304,318,318,304,317,304,304,317,303,317,339,283,318,304,292,338,303,318,329,283,319,303,293,340,283,318,329,292,339,313,293,338,292,317,328,293,339,314,293,338
61,264,264,264,291,296,291,291,296,281,289,291,291,289,296,294,294,297,295,294,294,295,297,297,295,297,295,299,292,293,299,295,297,299,295,299,294,295,299,297,299,291,274,298,295,295,286,295,296,296,294,294,296,291,293,294,296,295,295,295,295,292,295,296,294,296,294,295,295,294,296,293,296,298,295,298,295,295,297,295,296,299,297,298,294,298,301,295,297,298,295,300,295,298,300,295,299,300,298,299,299
62,249,249,250,210,260,193,249,182,211,271,221,255,246,207,263,208,200,271,224,258,277,222,263,272,270,280,225,271,300,217,279,283,268,300,228,284,299,228,285,284,283,301,227,284,244,226,300,244,283,301,228,283,244,230,286,232,283,297,228,283,248,233,283,232,287,299,228,287,245,287,283,232,287,229,228,287,232,286,287,232,287,233,234,289,248,288,289,232,288,234,234,288,232,289,289,232,286,250,232,286
63,243,243,244,261,265,263,234,267,268,264,268,268,264,267,271,270,274,274,275,274,282,288,281,280,287,282,282,281,282,288,280,280,290,281,283,281,283,294,285,284,297,288,280,283,292,284,284,286,272,287,269,288,291,272,287,286,276,293,271,290,286,279,273,286,290,285,293,294,290,296,293,289,292,294,296,295,291,297,294,295,296,296,297,297,296,297,296,295,297,295,297,297,295,297,296,296,297,295,297,296
64,263,263,262,262,264,268,270,269,269,270,264,269,270,273,273,269,280,284,284,277,283,272,282,283,281,282,273,286,283,293,286,292,283,296,299,289,298,289,289,298,289,289,289,289,300,302,286,298,289,298,299,289,310,294,308,298,291,298,298,292,298,289,299,298,289,298,301,308,298,295,308,297,300,298,300,308,297,301,301,284,309,298,301,308,301,303,301,301,303,303,305,310,305,303,303,303,303,303,303,303
65,250,250,250,204,266,249,263,264,260,271,279,266,277,284,286,288,286,297,290,285,290,286,297,291,291,295,292,297,290,295,297,293,290,297,297,299,297,304,304,303,304,304,300,304,303,305,302,304,303,303,303,303,304,303,302,303,303,302,303,302,302,302,302,301,302,303,302,302,304,302,302,302,301,302,302,301,305,302,312,303,303,313,296,297,296,292,297,297,302,313,296,297,297,296,311,296,296,311,294,305
66,243,243,216,256,206,237,251,221,250,227,257,264,265,271,234,251,271,243,245,273,249,275,255,255,268,248,275,268,275,268,268,275,268,242,275,268,274,269,268,278,269,250,276,268,278,272,275,279,275,274,278,278,281,279,277,280,276,274,280,278,280,280,276,280,277,278,280,277,281,281,279,279,279,278,281,282,282,282,283,283,280,280,284,283,282,284,283,283,284,283,284,284,284,285,284,284,284,283,284,284
67,258,258,255,292,268,287,248,269,318,262,297,285,270,323,272,297,267,258,311,279,305,306,268,305,279,279,306,299,305,272,299,310,303,308,281,307,311,279,309,280,307,311,282,338,311,281,311,281,308,312,282,338,313,281,312,282,308,338,282,313,314,282,313,283,282,340,283,339,314,308,341,283,308,314,282,309,314,308,315,309,308,314,281,314,340,307,314,308,309,314,307,313,340,308,314,307,282,313,308,313
68,288,288,264,280,287,284,301,299,291,293,295,301,297,292,282,277,304,292,294,295,303,306,293,289,316,288,319,317,288,317,288,302,305,288,317,307,302,314,290,300,308,289,321,309,288,319,289,304,308,289,321,307,292,308,292,304,307,291,309,309,304,309,292,292,307,289,308,307,291,308,291,291,306,303,308,309,291,306,304,292,290,309,292,307,308,290,320,291,290,308,290,307,308,302,320,303,302,320,303,320
69,214,248,272,237,213,244,221,221,243,196,261,231,209,265,227,236,272,233,264,220,234,265,231,249,269,235,270,244,235,266,236,259,265,231,273,249,214,269,236,216,294,239,269,244,214,268,232,213,246,232,228,244,227,272,230,222,257,241,239,257,227,241,232,227,257,226,241,258,245,274,243,244,257,243,241,261,248,258,243,265,259,247,245,262,248,258,247,248,261,247,245,263,249,262,247,286,262,247,245,262
70,216,264,259,328,275,282,288,287,282,242,294,296,285,297,296,296,296,296,296,296,297,296,296,296,299,299,303,299,296,296,303,297,298,299,298,331,296,299,300,299,327,304,302,303,303,327,304,298,302,303,299,300,304,303,304,303,304,304,306,306,303,303,304,303,304,304,303,303,303,303,303,333,305,331,330,305,305,305,305,304,305,305,305,305,305,307,307,304,307,307,304,305,305,305,333,304,305,306,305,305
71,187,204,209,247,188,202,266,241,265,264,265,275,275,257,277,267,280,288,276,299,276,275,299,274,274,294,280,292,280,279,294,286,299,272,280,299,287,278,307,279,300,287,299,308,285,299,285,279,308,285,299,280,287,301,277,309,299,297,299,279,287,299,279,300,291,289,298,287,287,299,287,300,299,287,298,287,288,301,288,299,299,318,300,311,315,300,318,280,308,310,309,300,301,310,311,310,301,299,310,309
72,238,238,268,288,263,248,281,286,281,280,277,286,280,279,280,279,285,259,316,312,298,320,293,299,294,258,296,294,259,279,278,271,272,259,271,278,282,276,265,271,280,264,271,288,284,283,310,294,288,279,276,292,275,288,282,274,290,278,282,286,274,291,281,276,287,274,282,280,291,285,278,285,285,305,281,283,278,276,287,278,280,279,277,300,275,283,281,280,279,285,289,299,279,295,300,286,300,277,295,300
73,253,253,238,258,236,251,259,256,263,265,285,277,264,220,261,260,251,266,241,246,267,241,274,287,262,287,273,288,288,260,289,262,285,277,263,284,263,288,263,291,287,263,291,266,266,291,265,291,290,278,291,291,265,289,265,291,301,265,302,276,265,290,276,291,287,277,291,262,277,302,288,293,303,279,303,277,277,304,278,294,301,279,303,277,278,305,279,306,294,281,303,282,316,306,282,304,271,282,307,282
74,265,265,187,271,274,271,265,265,267,270,271,273,280,278,273,267,288,287,283,288,284,292,279,284,284,281,280,289,293,287,290,287,280,303,294,284,300,292,293,301,290,294,292,298,296,292,304,298,298,297,298,303,286,298,304,297,298,287,312,305,287,311,281,287,311,287,304,304,304,305,297,304,311,294,305,288,289,312,311,306,313,294,311,301,286,310,298,297,310,305,312,312,304,313,304,303,305,304,314,305
75,234,234,243,238,251,249,255,255,254,255,255,248,259,268,259,264,261,274,273,269,268,272,277,274,280,284,273,274,281,275,293,281,281,290,282,282,287,285,290,287,287,281,284,280,289,289,282,288,289,289,293,294,289,291,291,290,291,293,293,292,289,294,285,290,293,292,292,294,289,293,293,293,293,294,293,295,295,294,296,294,293,294,293,293,295,294,296,296,295,293,295,294,294,294,294,295,295,292,294,294
76,247,240,240,246,260,245,243,245,271,272,262,244,262,251,258,234,249,264,250,302,264,252,271,238,249,265,257,289,265,270,277,251,296,264,283,315,270,270,284,251,298,272,301,314,297,270,310,295,272,310,257,289,297,257,310,283,272,310,257,282,295,259,311,285,273,310,257,285,298,259,311,285,272,310,285,311,298,259,310,283,272,310,259,284,297,259,310,285,272,310,259,284,297,259,310,285,272,309,258,284
77,255,255,270,268,266,269,267,269,269,267,269,269,273,269,269,268,269,267,272,272,272,272,272,268,271,275,268,272,275,268,267,276,279,278,276,276,278,278,279,278,278,274,275,276,278,278,275,274,278,275,274,275,275,279,274,277,278,279,276,285,285,279,285,283,278,281,283,284,284,284,283,283,277,283,283,239,283,286,285,283,282,287,285,239,287,287,285,285,284,287,287,287,287,287,287,287,284,287,284,240
78,245,213,237,263,260,288,214,269,214,286,294,234,297,279,279,291,270,299,236,293,299,269,299,280,292,299,241,293,299,282,305,248,242,299,242,297,297,288,298,292,292,297,281,297,297,281,291,293,293,297,247,297,297,287,297,293,293,297,281,297,297,287,302,294,297,297,256,297,297,287,299,304,304,299,257,299,298,287,299,304,304,298,298,299,299,282,299,299,299,299,253,299,299,289,299,303,327,301,281,326
79,203,190,211,225,234,268,261,261,275,281,269,274,274,274,282,274,273,273,275,282,274,275,280,278,276,276,277,276,278,286,288,280,287,274,290,286,275,287,271,274,289,276,279,277,280,312,273,276,243,229,281,327,286,243,230,284,285,240,290,283,277,270,272,291,273,285,230,281,279,281,326,290,281,288,241,283,279,281,326,291,282,279,242,283,279,247,292,291,282,278,232,282,280,283,329,280,283,281,234,282
80,255,255,255,245,298,234,234,282,273,276,272,273,276,273,277,281,282,276,269,285,290,276,285,290,288,296,296,292,289,290,295,300,291,301,305,295,305,292,301,305,295,300,299,299,305,297,306,305,300,310,311,301,305,300,304,311,301,312,311,302,311,305,306,311,301,310,312,306,311,306,306,311,305,312,312,306,312,306,306,311,306,312,311,303,311,307,306,311,306,321,311,308,311,307,306,311,306,311,311,306
81,236,136,230,248,246,273,320,270,264,266,254,282,272,277,275,252,234,281,281,290,269,338,281,261,290,269,271,281,256,340,273,256,296,269,336,282,229,336,278,336,296,282,296,278,278,297,284,297,278,280,305,228,282,281,277,300,281,279,281,280,301,281,280,228,279,303,220,280,216,233,299,225,286,279,231,306,225,306,279,234,308,225,307,278,234,287,225,286,278,253,305,224,285,277,253,305,224,324,273,272
82,265,265,291,239,247,290,285,265,283,282,282,291,290,296,296,290,279,290,290,296,246,279,296,281,286,290,286,275,279,280,286,290,286,290,286,286,290,282,296,296,286,296,291,290,292,288,296,296,290,292,290,292,298,290,300,302,292,300,290,292,300,292,300,302,293,302,292,293,300,292,301,303,293,301,300,293,303,294,294,305,293,303,304,294,304,294,294,305,294,303,304,295,305,295,295,305,295,305,305,295
83,223,201,257,268,260,282,254,265,242,297,248,256,276,266,277,277,264,276,248,245,284,247,255,221,221,249,223,282,231,264,232,217,309,223,267,308,222,277,232,223,276,222,223,263,224,286,262,217,308,218,243,287,217,279,225,225,309,224,259,288,225,310,253,234,311,224,278,275,249,286,225,257,286,248,290,256,248,286,224,257,285,248,290,259,259,285,226,259,276,250,292,256,250,265,226,257,277,229,293,258
84,210,247,252,240,200,255,267,227,328,233,260,281,259,327,280,260,294,240,280,300,288,318,303,288,299,252,288,305,289,323,304,289,304,257,293,312,297,346,315,300,313,259,292,303,291,340,306,292,304,260,278,316,291,349,307,292,308,260,292,341,258,340,307,301,341,259,292,308,259,340,308,301,341,259,292,308,258,340,307,301,341,259,293,309,259,340,308,301,342,259,293,308,258,340,308,302,342,260,293,310
85,231,231,226,208,271,194,266,246,203,272,255,284,285,255,241,270,254,284,282,260,284,259,258,281,259,297,296,277,298,273,277,297,271,304,301,275,300,274,276,300,273,304,300,275,302,271,276,299,272,304,298,274,302,270,275,297,269,301,297,273,301,269,273,298,270,301,298,274,301,270,274,270,296,274,297,300,275,298,276,271,298,275,299,302,274,298,276,270,297,274,298,303,275,300,279,276,302,278,279,306
86,243,210,246,267,245,257,239,256,274,275,267,280,270,257,267,264,268,291,268,271,287,277,281,288,259,264,296,248,266,268,263,292,264,274,273,254,304,269,272,269,264,264,279,272,281,293,287,293,285,265,297,268,277,299,264,291,266,282,296,277,310,277,287,294,271,276,287,280,294,276,277,276,288,272,303,278,280,305,263,291,290,280,292,291,281,288,281,279,305,267,293,291,266,298,281,283,304,281,286,292
87,245,245,245,244,254,253,239,257,252,241,256,254,256,269,267,262,267,267,270,272,267,267,272,274,271,272,270,269,269,269,268,270,269,269,270,269,269,269,267,270,270,269,269,267,270,270,267,270,269,275,275,268,270,275,272,275,292,275,293,273,276,293,274,275,275,275,292,292,293,296,294,296,296,296,293,292,296,296,295,296,297,295,294,297,294,295,297,295,295,294,302,296,294,295,296,294,295,294,295,296
88,236,236,236,243,228,249,286,279,271,280,290,286,265,291,285,262,296,308,292,335,269,291,263,268,290,269,292,292,254,292,293,268,298,269,263,302,269,300,271,268,301,271,270,270,270,300,270,271,342,270,273,277,270,300,274,273,341,275,313,314,275,341,276,275,343,276,304,305,275,304,276,275,343,276,304,305,275,304,277,275,343,276,306,306,275,304,276,276,306,277,277,277,276,304,278,277,343,276,344,306
89,225,235,270,279,282,277,283,288,277,290,296,283,290,295,290,290,290,290,295,294,294,295,294,294,290,294,294,294,294,294,294,294,294,294,294,294,293,293,294,293,294,296,295,293,295,293,293,293,293,293,293,293,293,293,291,291,293,291,291,293,291,291,291,291,305,291,302,293,302,302,295,306,293,291,302,295,306,306,295,306,291,295,306,295,306,306,295,306,291,294,305,295,305,301,295,306,294,294,305,294
90,239,239,256,252,268,254,266,271,265,259,269,267,275,269,281,279,273,274,269,273,274,268,271,251,261,254,273,274,258,273,260,271,273,273,273,273,273,276,273,274,273,273,270,275,276,275,273,279,275,276,274,275,276,274,275,276,274,274,275,277,276,274,276,276,275,274,278,277,278,278,276,274,277,277,277,275,276,279,276,276,278,278,280,275,276,279,276,277,278,277,279,276,277,284,281,279,281,285,285,283
91,255,255,255,255,261,270,264,255,261,264,255,260,269,277,277,277,277,282,294,292,290,292,287,285,290,290,290,290,290,290,290,292,290,290,292,293,290,292,291,293,293,290,293,292,290,294,291,291,294,291,291,294,294,297,297,294,297,294,297,297,293,297,294,293,296,293,297,297,296,297,294,294,297,293,297,297,295,297,294,293,297,294,297,297,294,297,294,294,297,294,290,290,294,290,277,294,290,274,289,290
92,244,244,266,263,287,298,287,289,298,298,301,303,305,305,303,303,303,304,299,304,304,302,303,303,304,303,303,303,307,304,302,303,307,302,307,303,306,308,303,305,308,311,308,306,311,308,304,307,298,307,308,304,308,308,309,310,310,310,310,311,312,313,313,312,302,310,313,314,311,313,313,310,314,313,313,314,314,315,313,311,304,312,315,311,314,315,312,313,315,312,316,301,315,305,312,312,304,313,316,312
93,229,210,202,211,254,256,242,269,268,267,268,275,273,273,273,274,279,273,266,279,274,273,273,266,278,269,270,247,275,274,274,274,274,275,252,274,253,274,274,252,274,274,274,245,254,276,277,254,248,277,276,276,256,254,278,255,247,254,279,275,276,278,256,279,279,255,279,279,280,280,258,280,279,257,280,257,281,258,279,278,257,280,257,258,278,257,280,279,257,279,256,256,279,257,280,278,229,281,258,259
94,257,257,257,242,242,269,260,276,260,260,268,269,279,280,269,293,276,275,294,275,280,294,283,293,283,277,294,284,294,295,284,294,283,283,294,283,294,294,283,294,283,283,294,283,294,294,283,294,285,285,294,285,298,294,283,294,285,285,298,289,300,296,289,298,287,289,298,289,300,298,289,300,287,289,300,289,300,298,289,300,289,289,300,289,300,300,289,300,289,289,300,289,300,300,289,300,289,291,302,291
95,275,275,259,298,290,298,290,290,297,289,298,296,288,298,288,298,290,288,296,288,295,296,288,295,296,288,298,288,294,293,286,296,286,285,292,286,295,296,286,298,290,286,294,286,296,296,286,296,290,290,299,275,309,299,286,300,293,293,299,293,299,296,307,295,298,305,297,312,301,298,307,285,314,286,282,315,303,302,302,286,317,317,305,316,286,316,317,287,317,307,304,319,288,317,319,289,317,307,315,318
96,255,127,221,280,281,281,240,281,285,285,282,285,285,292,285,284,288,289,291,289,289,288,288,288,287,291,291,287,291,284,292,291,291,292,292,292,292,292,292,292,292,292,292,297,250,294,287,289,295,248,294,289,253,292,292,292,291,293,294,294,255,294,294,295,291,253,293,293,295,300,288,294,290,254,295,294,296,295,293,293,290,254,295,293,295,296,252,293,291,254,294,294,293,289,256,296,291,255,296,294
97,225,225,255,247,251,223,260,242,260,264,238,246,265,238,251,247,266,263,246,259,263,259,259,253,260,263,257,264,270,271,263,262,270,266,271,267,271,273,269,266,273,269,271,268,273,272,270,268,232,270,276,267,274,275,275,263,257,263,263,258,259,258,256,260,258,263,263,259,297,259,258,262,259,279,263,258,262,262,242,267,266,302,266,281,268,268,282,266,262,269,267,301,268,264,282,267,267,268,267,301
98,218,227,240,233,219,211,243,248,251,243,236,249,245,246,249,259,247,254,257,251,258,243,261,250,246,259,246,263,261,256,268,254,259,263,255,268,260,256,268,256,265,260,253,268,254,265,268,253,268,258,253,269,256,266,267,255,267,255,255,268,257,267,261,256,268,254,261,267,258,269,261,277,267,256,261,259,256,268,273,276,272,271,271,266,271,277,268,271,266,265,274,267,273,271,270,270,269,275,274,269
99,211,174,219,212,243,212,225,232,224,223,275,258,241,278,233,240,285,244,236,271,245,270,254,248,284,245,272,261,250,270,238,252,284,249,275,275,253,273,261,256,278,260,275,295,270,283,260,252,270,262,270,282,270,287,255,247,273,242,275,283,258,278,247,249,283,247,278,284,270,280,260,249,296,260,278,297,272,296,265,262,296,262,280,297,272,296,265,262,296,262,280,297,272,296,265,262,296,262,280,297
100,267,267,269,266,268,270,262,264,295,274,268,298,270,301,300,281,300,269,274,294,272,300,272,289,301,289,329,261,289,309,289,336,301,294,312,260,292,305,293,337,270,329,308,293,334,267,295,306,269,330,303,293,332,272,330,325,271,329,272,298,334,272,329,307,269,332,306,327,313,306,334,308,277,312,275,300,309,299,337,273,334,312,274,335,271,294,337,277,319,279,312,319,279,317,282,315,283,279,316,282
